"subject","condition","band","n_pairs","mean_spearman","min_spearman","max_spearman","mean_p"
"machine-10-1","diff","alpha","3","0.013813","-0.15409","0.1225","0.063137"
"machine-10-1","diff","beta","3","0.06371","-0.13674","0.25389","0.056667"
"machine-10-1","diff","delta","3","-0.019353","-0.21581","0.10368","0.118203"
"machine-10-1","diff","gamma","3","-0.102537","-0.1737","0.0161","0.255203"
"machine-10-1","diff","theta","3","-0.042393","-0.19307","0.11965","0.110543"
"machine-10-1","label0","alpha","3","0.028077","-0.09097","0.12519","0.14835"
"machine-10-1","label0","beta","3","0.02194","-0.05514","0.09924","0.34552"
"machine-10-1","label0","delta","3","-0.08696","-0.10426","-0.06781","0.11281"
"machine-10-1","label0","gamma","3","-0.059657","-0.19435","0.14825","0.005487"
"machine-10-1","label0","theta","3","0.042063","-1E-05","0.08113","0.505657"
"machine-10-1","label1","alpha","3","0.154093","0.02189","0.38448","0.322617"
"machine-10-1","label1","beta","3","-0.043553","-0.06716","-0.02596","0.434353"
"machine-10-1","label1","delta","3","-0.064583","-0.15866","0.00664","0.443913"
"machine-10-1","label1","gamma","3","0.012243","-0.0361","0.0636","0.527843"
"machine-10-1","label1","theta","3","-0.027207","-0.11734","0.12734","0.04114"
"machine-10-2","diff","alpha","3","-0.030863","-0.12776","0.04253","0.441597"
"machine-10-2","diff","beta","3","0.160593","0.01584","0.27929","0.254843"
"machine-10-2","diff","delta","3","-0.1596","-0.33861","0.11603","0.009163"
"machine-10-2","diff","gamma","3","-0.003223","-0.22111","0.1584","0.105827"
"machine-10-2","diff","theta","3","-0.046867","-0.28416","0.08483","0.124443"
"machine-10-2","label0","alpha","3","0.01247","-0.09341","0.12399","0.330613"
"machine-10-2","label0","beta","3","-0.204997","-0.28804","-0.12684","0.00534"
"machine-10-2","label0","delta","3","0.27566","0.13957","0.43283","0.002637"
"machine-10-2","label0","gamma","3","-0.00469","-0.08213","0.08875","0.302243"
"machine-10-2","label0","theta","3","0.219493","-0.00497","0.33439","0.308327"
"machine-10-2","label1","alpha","3","0.154023","0.02891","0.25088","0.194833"
"machine-10-2","label1","beta","3","-0.167613","-0.23487","-0.07681","0.0485"
"machine-10-2","label1","delta","3","0.09712","0.00065","0.15615","0.334513"
"machine-10-2","label1","gamma","3","-0.002873","-0.08908","0.11318","0.219347"
"machine-10-2","label1","theta","3","0.007627","-0.20077","0.23119","0.295537"
"machine-10-3","diff","alpha","3","-0.030073","-0.29282","0.29831","0.023103"
"machine-10-3","diff","beta","3","0.17022","0.01185","0.25944","0.274147"
"machine-10-3","diff","delta","3","-0.24629","-0.33171","-0.15606","0.000983"
"machine-10-3","diff","gamma","3","-0.087057","-0.22762","0.07103","0.075057"
"machine-10-3","diff","theta","3","-0.11433","-0.33273","0.02193","0.40667"
"machine-10-3","label0","alpha","3","0.132697","0.02648","0.19826","0.2057"
"machine-10-3","label0","beta","3","-0.265977","-0.34321","-0.20622","2.7E-05"
"machine-10-3","label0","delta","3","0.313163","0.09823","0.52989","0.02075"
"machine-10-3","label0","gamma","3","0.047323","-0.0746","0.21396","0.37262"
"machine-10-3","label0","theta","3","0.199727","-0.06701","0.34572","0.068013"
"machine-10-3","label1","alpha","3","0.09004","-0.22822","0.30213","6.3E-05"
"machine-10-3","label1","beta","3","-0.131057","-0.19265","-0.01831","0.24319"
"machine-10-3","label1","delta","3","0.050013","-0.04182","0.17502","0.392967"
"machine-10-3","label1","gamma","3","0.040803","-0.06433","0.18664","0.407177"
"machine-10-3","label1","theta","3","-0.06261","-0.27298","0.20034","0.009593"
"machine-10-4","diff","alpha","3","-0.078223","-0.32275","0.20841","0.007427"
"machine-10-4","diff","beta","3","0.089613","-0.20987","0.32351","0.001057"
"machine-10-4","diff","delta","3","-0.28185","-0.308","-0.2505","0"
"machine-10-4","diff","gamma","3","-0.131333","-0.26973","0.00839","0.295137"
"machine-10-4","diff","theta","3","-0.089453","-0.33515","0.08805","0.260687"
"machine-10-4","label0","alpha","3","0.149077","0.05919","0.26369","0.09336"
"machine-10-4","label0","beta","3","-0.252437","-0.39762","-0.12534","0.005733"
"machine-10-4","label0","delta","3","0.246087","0.08486","0.49104","0.036477"
"machine-10-4","label0","gamma","3","0.074907","-0.07333","0.25468","0.19193"
"machine-10-4","label0","theta","3","0.229243","-0.0503","0.42745","0.113517"
"machine-10-4","label1","alpha","3","0.122373","-0.22957","0.31677","3E-06"
"machine-10-4","label1","beta","3","-0.171457","-0.26487","-0.03798","0.157323"
"machine-10-4","label1","delta","3","0.075723","0.0038","0.14581","0.363183"
"machine-10-4","label1","gamma","3","0.06825","-0.00655","0.11275","0.33166"
"machine-10-4","label1","theta","3","-0.032127","-0.17297","0.17011","0.026033"
"machine-11-1","diff","alpha","3","0.025317","-0.03216","0.11024","0.515557"
"machine-11-1","diff","beta","3","0.092703","-0.08514","0.21941","0.037517"
"machine-11-1","diff","delta","3","-0.01158","-0.22884","0.15069","0.138347"
"machine-11-1","diff","gamma","3","0.047267","-0.03175","0.10441","0.26169"
"machine-11-1","diff","theta","3","0.215987","0.17565","0.27027","0.000303"
"machine-11-1","label0","alpha","3","-0.143053","-0.30636","-0.02044","0.250213"
"machine-11-1","label0","beta","3","-0.019637","-0.12289","0.04665","0.379707"
"machine-11-1","label0","delta","3","0.200847","0.00822","0.37763","0.292127"
"machine-11-1","label0","gamma","3","-0.120827","-0.22108","-0.07038","0.120103"
"machine-11-1","label0","theta","3","0.061907","0.00957","0.08946","0.348637"
"machine-11-1","label1","alpha","3","-0.10618","-0.14166","-0.04792","0.1284"
"machine-11-1","label1","beta","3","0.089353","-0.03677","0.22163","0.200257"
"machine-11-1","label1","delta","3","0.06876","0.05074","0.08415","0.207563"
"machine-11-1","label1","gamma","3","-0.011203","-0.1103","0.11715","0.16854"
"machine-11-1","label1","theta","3","-0.04398","-0.1012","-0.00089","0.53769"
"machine-11-2","diff","alpha","3","-0.03442","-0.08782","-0.00282","0.621443"
"machine-11-2","diff","beta","3","0.08175","-0.10898","0.21696","0.015843"
"machine-11-2","diff","delta","3","-0.220893","-0.30697","-0.09931","0.01981"
"machine-11-2","diff","gamma","3","-0.048753","-0.14729","0.06035","0.172897"
"machine-11-2","diff","theta","3","-0.034683","-0.19501","0.07548","0.30731"
"machine-11-2","label0","alpha","3","-0.402517","-0.48162","-0.27393","0"
"machine-11-2","label0","beta","3","0.08676","-0.05237","0.16181","0.109067"
"machine-11-2","label0","delta","3","0.394737","0.25713","0.52748","0"
"machine-11-2","label0","gamma","3","-0.117653","-0.19257","0.01367","0.265627"
"machine-11-2","label0","theta","3","0.21407","0.02614","0.33282","0.206877"
"machine-11-2","label1","alpha","3","-0.146917","-0.25298","0.02936","0.19275"
"machine-11-2","label1","beta","3","0.01326","-0.0853","0.1437","0.278763"
"machine-11-2","label1","delta","3","0.118997","0.01436","0.21332","0.26658"
"machine-11-2","label1","gamma","3","0.049367","-0.00133","0.08704","0.43853"
"machine-11-2","label1","theta","3","-0.043103","-0.1049","0.06594","0.114737"
"machine-11-3","diff","alpha","3","0.0021","-0.24358","0.14343","0.01653"
"machine-11-3","diff","beta","3","-0.075497","-0.12572","-0.04183","0.236317"
"machine-11-3","diff","delta","3","0.093463","0.06301","0.10921","0.103463"
"machine-11-3","diff","gamma","3","-0.018363","-0.12326","0.0815","0.314013"
"machine-11-3","diff","theta","3","0.086453","0.05512","0.12987","0.156103"
"machine-11-3","label0","alpha","3","-0.227053","-0.48779","-0.08196","0.051473"
"machine-11-3","label0","beta","3","-0.112173","-0.2623","0.01278","0.302533"
"machine-11-3","label0","delta","3","0.337133","0.23856","0.3865","0"
"machine-11-3","label0","gamma","3","-0.137893","-0.26099","-0.05647","0.11749"
"machine-11-3","label0","theta","3","0.247317","0.0657","0.35338","0.07101"
"machine-11-3","label1","alpha","3","-0.205347","-0.4688","0.1024","0.0173"
"machine-11-3","label1","beta","3","-0.144597","-0.25072","-0.08048","0.059467"
"machine-11-3","label1","delta","3","0.240747","0.17804","0.27501","0.000227"
"machine-11-3","label1","gamma","3","0.005503","-0.08699","0.1112","0.339207"
"machine-11-3","label1","theta","3","-0.02311","-0.09234","0.09608","0.104653"
"machine-11-4","diff","alpha","3","-0.01289","-0.15234","0.1285","0.26573"
"machine-11-4","diff","beta","3","-0.027013","-0.08249","0.07815","0.133963"
"machine-11-4","diff","delta","3","0.01066","-0.10222","0.07133","0.15402"
"machine-11-4","diff","gamma","3","0.006247","-0.01408","0.03348","0.768587"
"machine-11-4","diff","theta","3","-0.00452","-0.05312","0.05431","0.465867"
"machine-11-4","label0","alpha","3","-0.35492","-0.52964","-0.13478","0.003453"
"machine-11-4","label0","beta","3","-0.22083","-0.40225","0.01189","0.273957"
"machine-11-4","label0","delta","3","0.331653","0.28081","0.36033","0"
"machine-11-4","label0","gamma","3","-0.119907","-0.29992","0.12175","0.00707"
"machine-11-4","label0","theta","3","0.187677","-0.03451","0.33462","0.17114"
"machine-11-4","label1","alpha","3","-0.32192","-0.45804","-0.17458","0.000287"
"machine-11-4","label1","beta","3","-0.176733","-0.37674","-0.0125","0.273407"
"machine-11-4","label1","delta","3","0.13183","0.10888","0.16521","0.02045"
"machine-11-4","label1","gamma","3","0.029197","-0.08134","0.17179","0.360277"
"machine-11-4","label1","theta","3","0.065987","-0.05119","0.21484","0.282647"
"machine-2-1","diff","alpha","3","0.062803","-0.03949","0.26236","0.322803"
"machine-2-1","diff","beta","3","-0.03756","-0.18035","0.09229","0.240537"
"machine-2-1","diff","delta","3","-0.071407","-0.39542","0.18587","0.309983"
"machine-2-1","diff","gamma","3","-0.036127","-0.148","0.07625","0.213627"
"machine-2-1","diff","theta","3","-0.110933","-0.31757","0.08566","0.053223"
"machine-2-1","label0","alpha","3","0.033547","-0.09408","0.14347","0.137353"
"machine-2-1","label0","beta","3","-0.042633","-0.1292","0.08856","0.068273"
"machine-2-1","label0","delta","3","0.165567","0.12433","0.20472","0.006533"
"machine-2-1","label0","gamma","3","0.056263","0.00217","0.08348","0.39848"
"machine-2-1","label0","theta","3","0.10578","0.03085","0.19323","0.212"
"machine-2-1","label1","alpha","3","-0.1442","-0.26975","0.0163","0.252757"
"machine-2-1","label1","beta","3","-0.165907","-0.26533","0.01058","0.280417"
"machine-2-1","label1","delta","3","-0.079023","-0.18604","0.04527","0.153027"
"machine-2-1","label1","gamma","3","-0.05445","-0.09687","-0.01669","0.387803"
"machine-2-1","label1","theta","3","0.00012","-0.15018","0.09546","0.123647"
"machine-2-2","diff","alpha","3","-0.057207","-0.27196","0.12267","0.230707"
"machine-2-2","diff","beta","3","-0.133557","-0.17473","-0.0568","0.094643"
"machine-2-2","diff","delta","3","-0.212433","-0.3233","-0.15239","0.001923"
"machine-2-2","diff","gamma","3","0.026947","-0.031","0.14108","0.38141"
"machine-2-2","diff","theta","3","-0.073363","-0.24839","0.11929","0.03589"
"machine-2-2","label0","alpha","3","0.111367","0.04121","0.19645","0.16748"
"machine-2-2","label0","beta","3","-0.043863","-0.20449","0.1054","0.194577"
"machine-2-2","label0","delta","3","0.146","0.08663","0.18371","0.034057"
"machine-2-2","label0","gamma","3","-0.053643","-0.09832","-0.03027","0.389577"
"machine-2-2","label0","theta","3","0.147957","0.00583","0.25458","0.3042"
"machine-2-2","label1","alpha","3","-0.116047","-0.22034","-0.04082","0.179433"
"machine-2-2","label1","beta","3","-0.22754","-0.32101","-0.05983","0.08561"
"machine-2-2","label1","delta","3","-0.09338","-0.16436","0.04365","0.137457"
"machine-2-2","label1","gamma","3","-0.04994","-0.12382","0.07275","0.082433"
"machine-2-2","label1","theta","3","0.030853","-0.06118","0.11957","0.262293"
"machine-2-3","diff","alpha","3","-0.047663","-0.14889","0.0502","0.24915"
"machine-2-3","diff","beta","3","-0.03524","-0.06932","-0.00326","0.556573"
"machine-2-3","diff","delta","3","-0.18463","-0.24493","-0.1533","0.002173"
"machine-2-3","diff","gamma","3","-0.064173","-0.14055","-0.02224","0.418183"
"machine-2-3","diff","theta","3","0.06795","0.0154","0.09469","0.306023"
"machine-2-3","label0","alpha","3","0.12382","0.03168","0.23085","0.19569"
"machine-2-3","label0","beta","3","-0.10273","-0.2359","0.01171","0.311863"
"machine-2-3","label0","delta","3","0.223777","0.15274","0.28374","0.001213"
"machine-2-3","label0","gamma","3","-0.02427","-0.0618","0.02574","0.45127"
"machine-2-3","label0","theta","3","0.147747","-0.03545","0.32108","0.168207"
"machine-2-3","label1","alpha","3","-0.08051","-0.26004","0.04727","0.31887"
"machine-2-3","label1","beta","3","-0.153173","-0.24527","0.00249","0.320827"
"machine-2-3","label1","delta","3","0.108867","-0.04695","0.21271","0.125313"
"machine-2-3","label1","gamma","3","0.034563","-0.02114","0.12034","0.547797"
"machine-2-3","label1","theta","3","0.14163","0.11534","0.15792","0.011643"
"machine-2-4","diff","alpha","3","0.050743","-0.05918","0.12483","0.12675"
"machine-2-4","diff","beta","3","-0.032837","-0.19719","0.11664","0.253533"
"machine-2-4","diff","delta","3","-0.280733","-0.33599","-0.2452","0"
"machine-2-4","diff","gamma","3","0.021853","-0.06983","0.09455","0.23251"
"machine-2-4","diff","theta","3","0.0277","-0.10187","0.12332","0.104963"
"machine-2-4","label0","alpha","3","0.130643","0.04932","0.25227","0.145543"
"machine-2-4","label0","beta","3","-0.043857","-0.16418","0.06342","0.263573"
"machine-2-4","label0","delta","3","0.056593","-0.0463","0.18157","0.298117"
"machine-2-4","label0","gamma","3","0.10175","0.03896","0.1765","0.183257"
"machine-2-4","label0","theta","3","-0.058957","-0.3025","0.1902","0.073767"
"machine-2-4","label1","alpha","3","0.086463","-0.00301","0.15063","0.330803"
"machine-2-4","label1","beta","3","0.036763","-0.05676","0.10399","0.18749"
"machine-2-4","label1","delta","3","-0.120117","-0.20406","-0.07366","0.09323"
"machine-2-4","label1","gamma","3","0.04687","-0.02732","0.10741","0.29921"
"machine-2-4","label1","theta","3","0.071403","-0.00411","0.20894","0.598997"
"machine-3-1","diff","alpha","3","-0.12642","-0.3262","-0.00951","0.42214"
"machine-3-1","diff","beta","3","-0.1225","-0.1772","-0.02915","0.194577"
"machine-3-1","diff","delta","3","-0.156783","-0.26669","0.02833","0.197197"
"machine-3-1","diff","gamma","3","0.105937","0.03363","0.23892","0.30513"
"machine-3-1","diff","theta","3","-0.224263","-0.3513","-0.10658","0.014343"
"machine-3-1","label0","alpha","3","-0.00656","-0.08287","0.05949","0.439913"
"machine-3-1","label0","beta","3","-0.124387","-0.16404","-0.04706","0.125483"
"machine-3-1","label0","delta","3","0.086213","-0.00987","0.16334","0.29981"
"machine-3-1","label0","gamma","3","0.034877","-0.06494","0.0857","0.14468"
"machine-3-1","label0","theta","3","0.07234","0.01827","0.11574","0.2909"
"machine-3-1","label1","alpha","3","-0.010197","-0.22083","0.12999","0.089"
"machine-3-1","label1","beta","3","-0.074343","-0.17256","0.01578","0.325087"
"machine-3-1","label1","delta","3","0.04486","-0.06351","0.12268","0.133713"
"machine-3-1","label1","gamma","3","0.10183","-0.01973","0.16935","0.23766"
"machine-3-1","label1","theta","3","0.051693","-0.02698","0.10525","0.266787"
"machine-3-2","diff","alpha","3","-0.001627","-0.1139","0.17717","0.07588"
"machine-3-2","diff","beta","3","-0.06632","-0.16496","0.12572","0.006953"
"machine-3-2","diff","delta","3","0.02986","-0.07783","0.13497","0.22971"
"machine-3-2","diff","gamma","3","0.088577","0.02177","0.2166","0.428153"
"machine-3-2","diff","theta","3","0.060203","-0.02788","0.18435","0.41517"
"machine-3-2","label0","alpha","3","-0.15927","-0.3097","0.00344","0.316383"
"machine-3-2","label0","beta","3","-0.142337","-0.31764","-0.00621","0.318863"
"machine-3-2","label0","delta","3","0.143673","0.10286","0.19055","0.019987"
"machine-3-2","label0","gamma","3","0.033923","-0.11419","0.1714","0.143267"
"machine-3-2","label0","theta","3","0.125063","-0.01996","0.23969","0.236173"
"machine-3-2","label1","alpha","3","-0.265347","-0.45961","-0.16807","0.00089"
"machine-3-2","label1","beta","3","-0.163173","-0.24102","-0.08426","0.037243"
"machine-3-2","label1","delta","3","0.09136","0.0186","0.14883","0.257383"
"machine-3-2","label1","gamma","3","0.09673","0.01756","0.15042","0.25463"
"machine-3-2","label1","theta","3","0.094167","0.03417","0.13643","0.186827"
"machine-3-3","diff","alpha","3","0.131387","0.06403","0.17679","0.076377"
"machine-3-3","diff","beta","3","0.025803","0.00886","0.03926","0.634317"
"machine-3-3","diff","delta","3","-0.032857","-0.11876","0.08722","0.108653"
"machine-3-3","diff","gamma","3","0.07612","-0.02572","0.16073","0.234967"
"machine-3-3","diff","theta","3","0.010103","-0.10054","0.07771","0.1703"
"machine-3-3","label0","alpha","3","-0.264503","-0.38315","-0.12389","0.006177"
"machine-3-3","label0","beta","3","-0.185003","-0.355","-0.09087","0.040967"
"machine-3-3","label0","delta","3","0.197087","0.14246","0.23524","0.002253"
"machine-3-3","label0","gamma","3","0.06167","0.02021","0.14338","0.464457"
"machine-3-3","label0","theta","3","0.037513","-0.04305","0.11986","0.31207"
"machine-3-3","label1","alpha","3","-0.267693","-0.4885","-0.14292","0.00253"
"machine-3-3","label1","beta","3","-0.195947","-0.28657","-0.10501","0.01545"
"machine-3-3","label1","delta","3","-0.087833","-0.21461","0.00293","0.427313"
"machine-3-3","label1","gamma","3","0.017283","-0.10177","0.1734","0.2541"
"machine-3-3","label1","theta","3","0.017287","-0.06151","0.06939","0.278947"
"machine-3-4","diff","alpha","3","-0.103913","-0.31053","0.01027","0.55792"
"machine-3-4","diff","beta","3","-0.10449","-0.29727","0.07216","0.088313"
"machine-3-4","diff","delta","3","-0.070873","-0.28123","0.03671","0.34417"
"machine-3-4","diff","gamma","3","0.103917","-0.04407","0.25045","0.149747"
"machine-3-4","diff","theta","3","-0.077293","-0.20373","0.10178","0.022313"
"machine-3-4","label0","alpha","3","-0.284983","-0.44165","-0.17793","0.00023"
"machine-3-4","label0","beta","3","-0.138413","-0.2369","-0.03146","0.185493"
"machine-3-4","label0","delta","3","0.10866","0.06501","0.14356","0.083287"
"machine-3-4","label0","gamma","3","0.082047","-0.00273","0.14557","0.338093"
"machine-3-4","label0","theta","3","0.028863","0.02541","0.03539","0.586113"
"machine-3-4","label1","alpha","3","-0.371743","-0.50316","-0.2722","0"
"machine-3-4","label1","beta","3","-0.262537","-0.33347","-0.12889","0.004753"
"machine-3-4","label1","delta","3","0.010203","-0.15764","0.15465","0.176827"
"machine-3-4","label1","gamma","3","0.003747","-0.04824","0.08703","0.35379"
"machine-3-4","label1","theta","3","-0.036153","-0.09228","0.01267","0.4917"
"machine-4-1","diff","alpha","3","-0.030813","-0.06251","0.03165","0.34273"
"machine-4-1","diff","beta","3","0.03527","0.00604","0.0821","0.588763"
"machine-4-1","diff","delta","3","0.020707","-0.29773","0.18728","0.000447"
"machine-4-1","diff","gamma","3","-0.01499","-0.07476","0.10221","0.126133"
"machine-4-1","diff","theta","3","-0.0325","-0.25995","0.16759","0.307973"
"machine-4-1","label0","alpha","3","0.02109","0.005","0.03112","0.695787"
"machine-4-1","label0","beta","3","0.09649","0.04846","0.12462","0.13447"
"machine-4-1","label0","delta","3","0.02986","-0.0933","0.22697","0.160073"
"machine-4-1","label0","gamma","3","0.063647","-0.0257","0.23815","0.43677"
"machine-4-1","label0","theta","3","0.18273","0.10197","0.28569","0.018377"
"machine-4-1","label1","alpha","3","-0.01567","-0.13058","0.15034","0.074277"
"machine-4-1","label1","beta","3","0.0076","-0.09951","0.18244","0.10462"
"machine-4-1","label1","delta","3","-0.044697","-0.287","0.13365","0.24211"
"machine-4-1","label1","gamma","3","0.052377","-0.06777","0.25542","0.254067"
"machine-4-1","label1","theta","3","0.08339","-0.04828","0.17817","0.127763"
"machine-4-2","diff","alpha","3","-0.01751","-0.0933","0.04661","0.455253"
"machine-4-2","diff","beta","3","-0.007273","-0.19312","0.30968","0.002897"
"machine-4-2","diff","delta","3","0.05666","0.03543","0.07023","0.302687"
"machine-4-2","diff","gamma","3","0.046583","0.01543","0.09359","0.4688"
"machine-4-2","diff","theta","3","0.052303","-0.0349","0.1548","0.3317"
"machine-4-2","label0","alpha","3","0.023523","-0.09192","0.0847","0.109817"
"machine-4-2","label0","beta","3","0.021403","-0.10013","0.15655","0.314333"
"machine-4-2","label0","delta","3","0.1521","-0.11851","0.53082","0.14301"
"machine-4-2","label0","gamma","3","-0.08881","-0.21202","0.10564","0.015737"
"machine-4-2","label0","theta","3","0.190047","0.09951","0.35743","0.030153"
"machine-4-2","label1","alpha","3","-0.109923","-0.29544","-0.00115","0.504103"
"machine-4-2","label1","beta","3","-0.074247","-0.2482","0.16446","0.0033"
"machine-4-2","label1","delta","3","0.02741","-0.20827","0.31551","0.211953"
"machine-4-2","label1","gamma","3","0.059207","-0.0358","0.22116","0.46044"
"machine-4-2","label1","theta","3","0.134177","0.04357","0.31364","0.26658"
"machine-4-3","diff","alpha","3","0.01631","-0.09325","0.1376","0.338847"
"machine-4-3","diff","beta","3","0.024777","-0.03479","0.08013","0.40719"
"machine-4-3","diff","delta","3","-0.098127","-0.2075","0.01105","0.299147"
"machine-4-3","diff","gamma","3","-0.006477","-0.13549","0.05985","0.184487"
"machine-4-3","diff","theta","3","-0.027437","-0.13085","0.07629","0.253343"
"machine-4-3","label0","alpha","3","0.004003","-0.08895","0.12741","0.24114"
"machine-4-3","label0","beta","3","-0.040417","-0.09347","-0.00459","0.55581"
"machine-4-3","label0","delta","3","0.016867","-0.09883","0.20707","0.111823"
"machine-4-3","label0","gamma","3","-0.042037","-0.20919","0.06274","0.311517"
"machine-4-3","label0","theta","3","0.077077","0.03079","0.14869","0.29709"
"machine-4-3","label1","alpha","3","-0.040933","-0.23496","0.12532","0.27346"
"machine-4-3","label1","beta","3","-0.16121","-0.30419","-0.02054","0.23325"
"machine-4-3","label1","delta","3","-0.08737","-0.1934","0.1112","0.01183"
"machine-4-3","label1","gamma","3","0.065573","0.00877","0.13565","0.39989"
"machine-4-3","label1","theta","3","-0.019937","-0.04853","0.00362","0.693673"
"machine-4-4","diff","alpha","3","0.058803","-0.0356","0.22079","0.456037"
"machine-4-4","diff","beta","3","0.04515","-0.20231","0.19052","0.001813"
"machine-4-4","diff","delta","3","-0.015487","-0.15023","0.06524","0.22867"
"machine-4-4","diff","gamma","3","0.04548","-0.13281","0.18639","0.042657"
"machine-4-4","diff","theta","3","0.034747","-0.16778","0.20167","0.061273"
"machine-4-4","label0","alpha","3","0.022533","-0.05618","0.06923","0.25925"
"machine-4-4","label0","beta","3","-0.136037","-0.24709","-0.05214","0.12063"
"machine-4-4","label0","delta","3","0.183147","-0.01737","0.46915","0.268667"
"machine-4-4","label0","gamma","3","-0.077993","-0.18282","9E-05","0.44355"
"machine-4-4","label0","theta","3","0.16804","0.09563","0.2827","0.02878"
"machine-4-4","label1","alpha","3","-0.05983","-0.37673","0.13405","0.080617"
"machine-4-4","label1","beta","3","-0.168817","-0.29213","0.00626","0.30188"
"machine-4-4","label1","delta","3","0.04664","-0.18529","0.42911","0.016313"
"machine-4-4","label1","gamma","3","-0.00695","-0.11387","0.0944","0.360993"
"machine-4-4","label1","theta","3","0.056963","-0.09723","0.2801","0.295187"
"machine-5-1","diff","alpha","3","0.038727","-0.05773","0.1891","0.349307"
"machine-5-1","diff","beta","3","-0.04031","-0.1448","0.08711","0.111643"
"machine-5-1","diff","delta","3","0.081543","-0.22361","0.32419","0.002043"
"machine-5-1","diff","gamma","3","0.145923","0.07339","0.22866","0.057977"
"machine-5-1","diff","theta","3","-0.043117","-0.15016","0.05717","0.25796"
"machine-5-1","label0","alpha","3","0.03638","-0.12654","0.17309","0.084207"
"machine-5-1","label0","beta","3","-0.060087","-0.07629","-0.0295","0.294113"
"machine-5-1","label0","delta","3","0.214117","0.11714","0.35328","0.009027"
"machine-5-1","label0","gamma","3","0.037917","-0.1119","0.19328","0.191217"
"machine-5-1","label0","theta","3","0.18413","0.01256","0.38124","0.271527"
"machine-5-1","label1","alpha","3","0.011783","-0.09625","0.12197","0.31449"
"machine-5-1","label1","beta","3","-0.082797","-0.15896","0.00454","0.336147"
"machine-5-1","label1","delta","3","0.064577","-0.06946","0.28139","0.30612"
"machine-5-1","label1","gamma","3","0.092783","-0.04496","0.17768","0.133557"
"machine-5-1","label1","theta","3","-0.034093","-0.14704","0.11139","0.082023"
"machine-5-2","diff","alpha","3","-0.08566","-0.25023","0.06677","0.122997"
"machine-5-2","diff","beta","3","-0.105037","-0.15607","-0.0657","0.09749"
"machine-5-2","diff","delta","3","0.018043","-0.11206","0.17244","0.31338"
"machine-5-2","diff","gamma","3","0.077297","-0.09089","0.20689","0.037453"
"machine-5-2","diff","theta","3","0.033423","-0.13406","0.14648","0.037223"
"machine-5-2","label0","alpha","3","0.167723","0.05487","0.28512","0.100107"
"machine-5-2","label0","beta","3","-0.119537","-0.28881","0.01817","0.275297"
"machine-5-2","label0","delta","3","-0.008713","-0.12872","0.17035","0.071493"
"machine-5-2","label0","gamma","3","-0.133163","-0.29916","0.12263","0.006597"
"machine-5-2","label0","theta","3","0.01798","-0.15263","0.17906","0.2022"
"machine-5-2","label1","alpha","3","-0.0276","-0.14236","0.17447","0.012213"
"machine-5-2","label1","beta","3","-0.10639","-0.13982","-0.07356","0.071813"
"machine-5-2","label1","delta","3","-0.094123","-0.18812","-0.04242","0.249363"
"machine-5-2","label1","gamma","3","0.201517","0.0764","0.30688","0.049157"
"machine-5-2","label1","theta","3","0.073273","-0.07862","0.19281","0.06037"
"machine-5-3","diff","alpha","3","0.003543","-0.24897","0.16022","0.020503"
"machine-5-3","diff","beta","3","-0.0717","-0.1298","0.03005","0.203763"
"machine-5-3","diff","delta","3","0.03412","-0.14174","0.25001","0.30596"
"machine-5-3","diff","gamma","3","-0.023167","-0.21744","0.08451","0.11275"
"machine-5-3","diff","theta","3","0.10581","0.03581","0.17562","0.180867"
"machine-5-3","label0","alpha","3","0.194897","0.03996","0.38996","0.15075"
"machine-5-3","label0","beta","3","-0.265017","-0.35608","-0.16138","0.0007"
"machine-5-3","label0","delta","3","0.17424","0.11808","0.20817","0.008367"
"machine-5-3","label0","gamma","3","-0.174467","-0.30267","-0.06004","0.08579"
"machine-5-3","label0","theta","3","0.069077","-0.04715","0.1363","0.135377"
"machine-5-3","label1","alpha","3","0.00565","-0.04113","0.07336","0.457513"
"machine-5-3","label1","beta","3","-0.201573","-0.30729","-0.10055","0.01882"
"machine-5-3","label1","delta","3","-0.027777","-0.05387","-0.01404","0.622683"
"machine-5-3","label1","gamma","3","0.2423","0.11944","0.3128","0.007743"
"machine-5-3","label1","theta","3","0.025347","-0.21208","0.27379","0.26207"
"machine-5-4","diff","alpha","3","-0.044073","-0.2062","0.09046","0.2804"
"machine-5-4","diff","beta","3","-0.03536","-0.13409","0.12042","0.03747"
"machine-5-4","diff","delta","3","-0.17732","-0.31468","-0.08222","0.043037"
"machine-5-4","diff","gamma","3","0.045403","-0.16523","0.21592","0.03548"
"machine-5-4","diff","theta","3","0.050007","-0.07585","0.2212","0.359997"
"machine-5-4","label0","alpha","3","0.19467","-0.04422","0.40319","0.134083"
"machine-5-4","label0","beta","3","-0.353303","-0.39268","-0.3143","0"
"machine-5-4","label0","delta","3","0.25978","0.05841","0.40768","0.089447"
"machine-5-4","label0","gamma","3","-0.18709","-0.32249","-0.10712","0.01808"
"machine-5-4","label0","theta","3","-0.00755","-0.10593","0.06466","0.32969"
"machine-5-4","label1","alpha","3","0.099147","-0.05831","0.18982","0.09033"
"machine-5-4","label1","beta","3","-0.222133","-0.33085","-0.10972","0.012397"
"machine-5-4","label1","delta","3","-0.10319","-0.3506","0.08325","0.179403"
"machine-5-4","label1","gamma","3","0.183813","0.0749","0.24819","0.051863"
"machine-5-4","label1","theta","3","0.07492","-0.1992","0.30893","0.009673"
"machine-6-1","diff","alpha","3","-0.068473","-0.08056","-0.04691","0.21336"
"machine-6-1","diff","beta","3","-0.04249","-0.16549","0.08423","0.164377"
"machine-6-1","diff","delta","3","0.09759","-0.09183","0.36622","0.269743"
"machine-6-1","diff","gamma","3","0.054593","-0.01022","0.12037","0.392737"
"machine-6-1","diff","theta","3","-0.04073","-0.18926","0.03706","0.350937"
"machine-6-1","label0","alpha","3","-0.02179","-0.16386","0.08794","0.312883"
"machine-6-1","label0","beta","3","0.009703","-0.05268","0.09716","0.384823"
"machine-6-1","label0","delta","3","0.113117","-0.00176","0.31866","0.54803"
"machine-6-1","label0","gamma","3","0.061103","0.02857","0.08197","0.29205"
"machine-6-1","label0","theta","3","0.161803","0.10177","0.25652","0.023007"
"machine-6-1","label1","alpha","3","-0.09476","-0.11657","-0.06172","0.104347"
"machine-6-1","label1","beta","3","-0.038777","-0.07511","-0.01716","0.51609"
"machine-6-1","label1","delta","3","0.161167","-0.05448","0.33017","0.100677"
"machine-6-1","label1","gamma","3","-0.040497","-0.17254","0.10902","0.1038"
"machine-6-1","label1","theta","3","-0.10022","-0.20679","0.0381","0.160873"
"machine-6-2","diff","alpha","3","-0.073823","-0.17152","0.05617","0.110713"
"machine-6-2","diff","beta","3","-0.014377","-0.09791","0.04015","0.430633"
"machine-6-2","diff","delta","3","-0.02163","-0.158","0.1292","0.170303"
"machine-6-2","diff","gamma","3","-0.090497","-0.24836","0.11595","0.011917"
"machine-6-2","diff","theta","3","-0.06569","-0.12966","-0.02817","0.354897"
"machine-6-2","label0","alpha","3","-0.044967","-0.11006","0.04045","0.232017"
"machine-6-2","label0","beta","3","-0.100777","-0.24025","0.02838","0.22569"
"machine-6-2","label0","delta","3","0.069","-0.18139","0.27661","0.011427"
"machine-6-2","label0","gamma","3","-0.024613","-0.09325","0.05335","0.303097"
"machine-6-2","label0","theta","3","-0.035543","-0.19026","0.14054","0.09622"
"machine-6-2","label1","alpha","3","-0.079163","-0.21712","0.0918","0.03823"
"machine-6-2","label1","beta","3","0.014627","-0.11752","0.15505","0.311013"
"machine-6-2","label1","delta","3","0.039213","-0.04642","0.14147","0.3517"
"machine-6-2","label1","gamma","3","-0.121217","-0.18521","0.00627","0.30213"
"machine-6-2","label1","theta","3","-0.119403","-0.2948","0.04444","0.146823"
"machine-6-3","diff","alpha","3","0.012613","-0.12343","0.20724","0.13428"
"machine-6-3","diff","beta","3","0.00627","-0.01026","0.02366","0.806143"
"machine-6-3","diff","delta","3","-0.196947","-0.323","-0.13138","0.0073"
"machine-6-3","diff","gamma","3","-0.080667","-0.20779","0.06713","0.08588"
"machine-6-3","diff","theta","3","0.03132","-0.09427","0.1057","0.078627"
"machine-6-3","label0","alpha","3","-0.121067","-0.35234","0.15903","0.00121"
"machine-6-3","label0","beta","3","0.047753","-0.03507","0.11801","0.261477"
"machine-6-3","label0","delta","3","0.051413","-0.03009","0.12056","0.2725"
"machine-6-3","label0","gamma","3","0.04597","-0.00506","0.09584","0.454857"
"machine-6-3","label0","theta","3","0.09548","-0.05933","0.18405","0.087773"
"machine-6-3","label1","alpha","3","-0.1001","-0.21429","0.10795","0.01354"
"machine-6-3","label1","beta","3","-0.005277","-0.07409","0.03707","0.443627"
"machine-6-3","label1","delta","3","-0.18303","-0.19652","-0.16709","0.00067"
"machine-6-3","label1","gamma","3","-0.113903","-0.18598","0.02268","0.222867"
"machine-6-3","label1","theta","3","0.027667","-0.071","0.08099","0.156367"
"machine-6-4","diff","alpha","3","0.106203","0.06025","0.18257","0.134907"
"machine-6-4","diff","beta","3","0.00861","-0.09421","0.06841","0.198807"
"machine-6-4","diff","delta","3","-0.067923","-0.21001","0.16378","0.00151"
"machine-6-4","diff","gamma","3","-0.119217","-0.30541","0.17809","0.00023"
"machine-6-4","diff","theta","3","-0.00165","-0.06097","0.03375","0.481293"
"machine-6-4","label0","alpha","3","-0.056357","-0.15469","0.12086","0.011643"
"machine-6-4","label0","beta","3","0.012683","-0.1336","0.09981","0.080803"
"machine-6-4","label0","delta","3","-0.11885","-0.28812","-0.01551","0.361673"
"machine-6-4","label0","gamma","3","0.04979","-0.06283","0.12994","0.121977"
"machine-6-4","label0","theta","3","0.103423","-0.00815","0.24174","0.34111"
"machine-6-4","label1","alpha","3","-0.114293","-0.22028","0.07136","0.05878"
"machine-6-4","label1","beta","3","-0.02179","-0.18994","0.16445","0.15066"
"machine-6-4","label1","delta","3","-0.09332","-0.2051","0.01613","0.281463"
"machine-6-4","label1","gamma","3","-0.086617","-0.18562","0.07866","0.046593"
"machine-6-4","label1","theta","3","-0.070013","-0.1002","-0.03142","0.248663"
"machine-7-1","diff","alpha","3","0.114507","0.03981","0.1632","0.153383"
"machine-7-1","diff","beta","3","0.004233","-0.08144","0.09019","0.383277"
"machine-7-1","diff","delta","3","-0.039773","-0.25155","0.20039","0.065497"
"machine-7-1","diff","gamma","3","-0.12666","-0.24373","-0.02048","0.242027"
"machine-7-1","diff","theta","3","-0.120867","-0.18257","-0.03953","0.154017"
"machine-7-1","label0","alpha","3","-0.01343","-0.25408","0.12621","0.037687"
"machine-7-1","label0","beta","3","-0.14556","-0.2467","-0.08452","0.051387"
"machine-7-1","label0","delta","3","-8.7E-05","-0.07047","0.11051","0.22089"
"machine-7-1","label0","gamma","3","0.077833","-0.08482","0.21038","0.049363"
"machine-7-1","label0","theta","3","0.051193","-0.09515","0.23355","0.28157"
"machine-7-1","label1","alpha","3","-0.006187","-0.14708","0.08452","0.172847"
"machine-7-1","label1","beta","3","-0.06128","-0.14846","0.0009","0.494323"
"machine-7-1","label1","delta","3","-0.099313","-0.13331","-0.06986","0.089577"
"machine-7-1","label1","gamma","3","0.08086","-0.03937","0.18241","0.171733"
"machine-7-1","label1","theta","3","-0.07689","-0.13756","-0.00149","0.35615"
"machine-7-2","diff","alpha","3","0.08724","0.05126","0.12222","0.14859"
"machine-7-2","diff","beta","3","-0.00409","-0.05858","0.10378","0.197283"
"machine-7-2","diff","delta","3","-0.15682","-0.23308","-0.02776","0.19973"
"machine-7-2","diff","gamma","3","-0.046167","-0.18393","0.10825","0.09135"
"machine-7-2","diff","theta","3","-0.238813","-0.37438","-0.06291","0.07772"
"machine-7-2","label0","alpha","3","-0.065207","-0.22771","0.12657","0.029703"
"machine-7-2","label0","beta","3","-0.17484","-0.28058","-0.1175","0.013937"
"machine-7-2","label0","delta","3","0.268803","0.12612","0.3789","0.0055"
"machine-7-2","label0","gamma","3","0.033087","0.01572","0.0589","0.557057"
"machine-7-2","label0","theta","3","0.17266","-0.06722","0.38972","0.06759"
"machine-7-2","label1","alpha","3","0.05009","-0.11492","0.29255","0.21111"
"machine-7-2","label1","beta","3","-0.078227","-0.16591","-0.03077","0.34446"
"machine-7-2","label1","delta","3","0.19708","0.04052","0.30835","0.147593"
"machine-7-2","label1","gamma","3","0.020743","-0.06114","0.13421","0.364907"
"machine-7-2","label1","theta","3","-0.099943","-0.40804","0.08632","0.260007"
"machine-7-3","diff","alpha","3","0.104313","-0.03619","0.20737","0.16672"
"machine-7-3","diff","beta","3","-0.128253","-0.16687","-0.08577","0.039063"
"machine-7-3","diff","delta","3","-0.217297","-0.48076","-0.00223","0.32253"
"machine-7-3","diff","gamma","3","-0.010233","-0.05271","0.07254","0.275103"
"machine-7-3","diff","theta","3","0.09116","-0.12539","0.35963","0.158167"
"machine-7-3","label0","alpha","3","-0.34905","-0.50777","-0.1333","0.003747"
"machine-7-3","label0","beta","3","-0.364487","-0.54728","-0.10811","0.01336"
"machine-7-3","label0","delta","3","0.28257","0.19749","0.3765","5.3E-05"
"machine-7-3","label0","gamma","3","-0.1615","-0.19197","-0.14026","0.00386"
"machine-7-3","label0","theta","3","0.047483","-0.10154","0.18426","0.103993"
"machine-7-3","label1","alpha","3","-0.09999","-0.33052","0.03946","0.440287"
"machine-7-3","label1","beta","3","-0.33969","-0.47633","-0.17816","0.000223"
"machine-7-3","label1","delta","3","0.12302","-0.07177","0.31105","0.062407"
"machine-7-3","label1","gamma","3","-0.05693","-0.1943","0.17861","0.001327"
"machine-7-3","label1","theta","3","-0.034507","-0.0934","0.05447","0.199747"
"machine-7-4","diff","alpha","3","0.05444","-0.06695","0.1479","0.109167"
"machine-7-4","diff","beta","3","-0.126883","-0.17003","-0.0604","0.08591"
"machine-7-4","diff","delta","3","-0.2086","-0.35701","-0.03954","0.151313"
"machine-7-4","diff","gamma","3","0.017833","-0.08189","0.11288","0.274087"
"machine-7-4","diff","theta","3","-0.015343","-0.12598","0.20039","0.012947"
"machine-7-4","label0","alpha","3","-0.300547","-0.51576","-0.10049","0.018813"
"machine-7-4","label0","beta","3","-0.428577","-0.60476","-0.19344","7.3E-05"
"machine-7-4","label0","delta","3","0.31014","0.23997","0.38646","0"
"machine-7-4","label0","gamma","3","-0.202497","-0.23967","-0.14545","0.001883"
"machine-7-4","label0","theta","3","-0.08764","-0.17566","0.0647","0.074893"
"machine-7-4","label1","alpha","3","-0.202983","-0.41711","-0.0561","0.099183"
"machine-7-4","label1","beta","3","-0.325693","-0.54737","-0.02803","0.198517"
"machine-7-4","label1","delta","3","0.123347","0.01783","0.24599","0.2598"
"machine-7-4","label1","gamma","3","-0.074287","-0.19323","0.11483","0.01178"
"machine-7-4","label1","theta","3","-0.0543","-0.16506","0.00467","0.631097"
"machine-8-1","diff","alpha","3","-0.045047","-0.04886","-0.04084","0.39436"
"machine-8-1","diff","beta","3","-0.071537","-0.33143","0.0683","0.18448"
"machine-8-1","diff","delta","3","-0.04724","-0.25499","0.24495","0.004093"
"machine-8-1","diff","gamma","3","0.021483","-0.1418","0.19134","0.26163"
"machine-8-1","diff","theta","3","-0.026983","-0.10002","0.03102","0.47849"
"machine-8-1","label0","alpha","3","0.0355","-0.00419","0.11038","0.656063"
"machine-8-1","label0","beta","3","0.063507","0.01861","0.08897","0.310557"
"machine-8-1","label0","delta","3","0.041243","-0.15477","0.17956","0.021397"
"machine-8-1","label0","gamma","3","0.095183","0.02857","0.22665","0.384697"
"machine-8-1","label0","theta","3","0.071853","0.03219","0.11551","0.2562"
"machine-8-1","label1","alpha","3","-0.079533","-0.12733","-0.01058","0.30422"
"machine-8-1","label1","beta","3","-0.052617","-0.1288","-0.00402","0.52973"
"machine-8-1","label1","delta","3","0.117357","-0.022","0.23637","0.22861"
"machine-8-1","label1","gamma","3","0.01301","-0.04029","0.07244","0.50378"
"machine-8-1","label1","theta","3","-0.048687","-0.10867","0.01819","0.35392"
"machine-8-2","diff","alpha","3","-0.06731","-0.15611","0.02448","0.27619"
"machine-8-2","diff","beta","3","-0.00048","-0.07747","0.07017","0.412277"
"machine-8-2","diff","delta","3","-0.106903","-0.21912","-0.00502","0.33038"
"machine-8-2","diff","gamma","3","-0.03993","-0.07542","-0.00993","0.505933"
"machine-8-2","diff","theta","3","0.014497","-0.11758","0.1223","0.169443"
"machine-8-2","label0","alpha","3","0.026657","-0.2973","0.24015","0.00303"
"machine-8-2","label0","beta","3","0.15972","0.13965","0.19488","0.00466"
"machine-8-2","label0","delta","3","0.201433","0.08372","0.31474","0.037463"
"machine-8-2","label0","gamma","3","0.1042","0.01736","0.1905","0.263143"
"machine-8-2","label0","theta","3","0.080873","-0.17673","0.27708","0.002507"
"machine-8-2","label1","alpha","3","0.02033","-0.06356","0.15822","0.251517"
"machine-8-2","label1","beta","3","0.004813","-0.03398","0.05147","0.60108"
"machine-8-2","label1","delta","3","0.124723","-0.04986","0.2362","0.11506"
"machine-8-2","label1","gamma","3","0.04858","-0.07842","0.14554","0.092843"
"machine-8-2","label1","theta","3","0.087337","-0.10368","0.18668","0.01667"
"machine-8-3","diff","alpha","3","0.033653","-0.05252","0.14984","0.42302"
"machine-8-3","diff","beta","3","-0.041737","-0.11045","0.02542","0.37096"
"machine-8-3","diff","delta","3","-0.303303","-0.44689","-0.15024","0.00141"
"machine-8-3","diff","gamma","3","-0.039313","-0.18015","0.07561","0.317323"
"machine-8-3","diff","theta","3","0.096787","-0.10406","0.20654","0.0162"
"machine-8-3","label0","alpha","3","-0.049833","-0.22904","0.22348","0.00206"
"machine-8-3","label0","beta","3","0.100107","-0.01937","0.1677","0.23963"
"machine-8-3","label0","delta","3","0.42393","0.40763","0.44289","0"
"machine-8-3","label0","gamma","3","0.123207","-0.01899","0.24298","0.24158"
"machine-8-3","label0","theta","3","0.35935","0.2283","0.46011","3E-06"
"machine-8-3","label1","alpha","3","-0.146567","-0.21706","-0.04072","0.14701"
"machine-8-3","label1","beta","3","-0.015407","-0.1665","0.07342","0.18002"
"machine-8-3","label1","delta","3","0.36211","0.25322","0.50711","0"
"machine-8-3","label1","gamma","3","0.082473","-0.04469","0.1668","0.138623"
"machine-8-3","label1","theta","3","0.15875","0.07586","0.23663","0.050717"
"machine-8-4","diff","alpha","3","0.016907","-0.18892","0.22147","0.24369"
"machine-8-4","diff","beta","3","-0.024477","-0.06994","0.05089","0.274217"
"machine-8-4","diff","delta","3","0.018023","-0.04674","0.05363","0.352283"
"machine-8-4","diff","gamma","3","0.07897","-0.12932","0.19644","0.005103"
"machine-8-4","diff","theta","3","0.110593","-0.0528","0.23799","0.107443"
"machine-8-4","label0","alpha","3","0.074947","-0.13562","0.22267","0.006217"
"machine-8-4","label0","beta","3","0.19423","0.12449","0.23087","0.005997"
"machine-8-4","label0","delta","3","0.24191","0.1424","0.31313","0.002243"
"machine-8-4","label0","gamma","3","0.111303","-0.0292","0.20507","0.194313"
"machine-8-4","label0","theta","3","0.273527","0.18472","0.39889","0.000143"
"machine-8-4","label1","alpha","3","0.052027","-0.01864","0.13539","0.396843"
"machine-8-4","label1","beta","3","-0.05474","-0.17292","0.09285","0.063183"
"machine-8-4","label1","delta","3","0.09321","-0.14828","0.2189","0.001613"
"machine-8-4","label1","gamma","3","0.050947","-0.03409","0.11429","0.238967"
"machine-8-4","label1","theta","3","0.245147","0.13363","0.42335","0.0039"
"machine-9-1","diff","alpha","3","0.034527","0.00332","0.07096","0.56912"
"machine-9-1","diff","beta","3","-0.170367","-0.30354","-0.02464","0.213733"
"machine-9-1","diff","delta","3","-0.104563","-0.36573","0.05225","0.439667"
"machine-9-1","diff","gamma","3","-0.057543","-0.22867","0.21202","0.001007"
"machine-9-1","diff","theta","3","0.24799","-0.01449","0.48993","0.261263"
"machine-9-1","label0","alpha","3","0.10391","-0.12833","0.32003","0.012413"
"machine-9-1","label0","beta","3","0.071583","-0.12654","0.32213","0.244317"
"machine-9-1","label0","delta","3","0.18809","0.12798","0.24213","0.00506"
"machine-9-1","label0","gamma","3","-0.166537","-0.21663","-0.08707","0.032927"
"machine-9-1","label0","theta","3","0.015207","-0.20041","0.21254","0.175377"
"machine-9-1","label1","alpha","3","0.09719","-0.18094","0.26179","0.0002"
"machine-9-1","label1","beta","3","0.08607","-0.02877","0.17427","0.206353"
"machine-9-1","label1","delta","3","-0.107063","-0.16705","0.01284","0.270283"
"machine-9-1","label1","gamma","3","-0.062397","-0.17727","0.05373","0.179033"
"machine-9-1","label1","theta","3","-0.114333","-0.1925","-0.07479","0.102507"
"machine-9-2","diff","alpha","3","0.04266","-0.05011","0.1113","0.19416"
"machine-9-2","diff","beta","3","0.020317","-0.06459","0.08936","0.268017"
"machine-9-2","diff","delta","3","-0.049857","-0.20976","0.05176","0.4"
"machine-9-2","diff","gamma","3","-0.058253","-0.09622","-0.03061","0.331243"
"machine-9-2","diff","theta","3","0.01439","-0.13691","0.16304","0.25268"
"machine-9-2","label0","alpha","3","0.01659","-0.21477","0.34846","0.03716"
"machine-9-2","label0","beta","3","-0.242497","-0.26547","-0.19745","5.3E-05"
"machine-9-2","label0","delta","3","0.161037","0.08692","0.20308","0.033157"
"machine-9-2","label0","gamma","3","0.11222","0.00673","0.27199","0.390297"
"machine-9-2","label0","theta","3","0.001407","-0.33702","0.27118","0.06137"
"machine-9-2","label1","alpha","3","0.28064","0.21278","0.36343","1.7E-05"
"machine-9-2","label1","beta","3","-0.07965","-0.17235","-0.02112","0.359687"
"machine-9-2","label1","delta","3","-0.04622","-0.17937","0.21696","0.000473"
"machine-9-2","label1","gamma","3","-0.0349","-0.11206","0.04148","0.32783"
"machine-9-2","label1","theta","3","-0.218483","-0.41637","-0.04891","0.118147"
"machine-9-3","diff","alpha","3","0.20289","-0.03915","0.39727","0.152783"
"machine-9-3","diff","beta","3","0.10448","0.03783","0.17295","0.175317"
"machine-9-3","diff","delta","3","-0.064213","-0.17827","0.01243","0.475463"
"machine-9-3","diff","gamma","3","-0.04703","-0.09454","-0.00831","0.472203"
"machine-9-3","diff","theta","3","-0.180343","-0.43862","0.02147","0.2343"
"machine-9-3","label0","alpha","3","0.030247","-0.10514","0.27608","0.058053"
"machine-9-3","label0","beta","3","-0.164233","-0.19321","-0.13822","0.003627"
"machine-9-3","label0","delta","3","0.15261","0.1146","0.2072","0.01307"
"machine-9-3","label0","gamma","3","0.03453","-0.04451","0.15075","0.454407"
"machine-9-3","label0","theta","3","0.138813","-0.02055","0.22467","0.232407"
"machine-9-3","label1","alpha","3","0.293127","0.23377","0.37467","3E-06"
"machine-9-3","label1","beta","3","-0.018467","-0.13178","0.08326","0.340957"
"machine-9-3","label1","delta","3","-0.107523","-0.29493","0.11878","0.009773"
"machine-9-3","label1","gamma","3","-0.059563","-0.12813","0.04357","0.16603"
"machine-9-3","label1","theta","3","-0.244477","-0.51634","-0.10042","0.027757"
"machine-9-4","diff","alpha","3","0.234247","0.0073","0.44526","0.296707"
"machine-9-4","diff","beta","3","0.063797","-0.03975","0.13432","0.1761"
"machine-9-4","diff","delta","3","-0.024533","-0.16025","0.05328","0.280783"
"machine-9-4","diff","gamma","3","-0.122473","-0.16285","-0.07956","0.050243"
"machine-9-4","diff","theta","3","-0.265917","-0.5163","-0.13337","0.005337"
"machine-9-4","label0","alpha","3","0.102373","-0.07774","0.45486","0.10831"
"machine-9-4","label0","beta","3","-0.192563","-0.26832","-0.15094","0.002197"
"machine-9-4","label0","delta","3","0.31159","0.22233","0.35874","7E-06"
"machine-9-4","label0","gamma","3","0.101323","-0.02405","0.27155","0.311127"
"machine-9-4","label0","theta","3","0.140343","0.00146","0.23301","0.326087"
"machine-9-4","label1","alpha","3","0.3424","0.2898","0.39378","0"
"machine-9-4","label1","beta","3","-0.051033","-0.13253","0.01374","0.440767"
"machine-9-4","label1","delta","3","-0.07404","-0.19515","0.1587","0.001023"
"machine-9-4","label1","gamma","3","-0.07848","-0.12041","-0.04361","0.20219"
"machine-9-4","label1","theta","3","-0.193917","-0.33244","-0.09192","0.02795"
